<?xml version="1.0" encoding="UTF-8"?>
<project-private xmlns="http://www.netbeans.org/ns/project-private/1">
    <editor-bookmarks xmlns="http://www.netbeans.org/ns/editor-bookmarks/2" lastBookmarkId="0"/>
    <open-files xmlns="http://www.netbeans.org/ns/projectui-open-files/2">
        <group>
            <file>file:/C:/Users/e2254047/OneDrive%20-%20Collège%20de%20Maisonneuve/2025/MICRO/lab_2.X/mcc_generated_files/pwm2.h</file>
            <file>file:/C:/Users/e2254047/OneDrive%20-%20Collège%20de%20Maisonneuve/2025/MICRO/lab_2.X/main.c</file>
        </group>
    </open-files>
</project-private>
